Metric,Value
Accuracy,0.1685214626391097
Precision,0.9749170803448713
Recall,0.1685214626391097
F1 Score,0.28278050528249754
ROC AUC,0.33319999999999994
