Metric,Value
accuracy,0.1685214626391097
precision,0.9749170803448713
recall,0.1685214626391097
f1_score,0.28278050528249754
roc_auc,0.33319999999999994
