Metric,Value
Accuracy,0.16057233704292528
Precision,0.9647117981996693
Recall,0.16057233704292528
F1 Score,0.27300221151497517
ROC AUC,0.205
