Metric,Value
accuracy,0.16057233704292528
precision,0.9647117981996693
recall,0.16057233704292528
f1_score,0.27300221151497517
roc_auc,0.205
