Metric,Value
accuracy,0.1836248012718601
precision,0.9806544728461093
recall,0.18362480127186007
f1_score,0.30372974604755704
roc_auc,0.4029
