Metric,Value
Accuracy,0.1836248012718601
Precision,0.9806544728461093
Recall,0.18362480127186007
F1 Score,0.30372974604755704
ROC AUC,0.4029
