Metric,Value
accuracy,0.20349761526232116
precision,0.9744031747205482
recall,0.20349761526232116
f1_score,0.333447795922441
roc_auc,0.28869999999999996
