Metric,Value
Accuracy,0.20349761526232116
Precision,0.9744031747205482
Recall,0.20349761526232116
F1 Score,0.333447795922441
ROC AUC,0.28869999999999996
