Metric,Value
accuracy,0.18124006359300476
precision,0.9848058087263345
recall,0.18124006359300476
f1_score,0.29937884668858905
roc_auc,0.4638
