Metric,Value
Accuracy,0.18124006359300476
Precision,0.9848058087263345
Recall,0.18124006359300476
F1 Score,0.29937884668858905
ROC AUC,0.4638
