Metric,Value
Accuracy,0.1518282988871224
Precision,0.9778983690830936
Recall,0.1518282988871224
F1 Score,0.2569279416503756
ROC AUC,0.38689999999999997
