Metric,Value
accuracy,0.1518282988871224
precision,0.9778983690830936
recall,0.1518282988871224
f1_score,0.2569279416503756
roc_auc,0.38689999999999997
