Metric,Value
accuracy,0.17567567567567569
precision,0.9756807820793298
recall,0.17567567567567569
f1_score,0.29320984175898485
roc_auc,0.3368
