Metric,Value
Accuracy,0.17567567567567569
Precision,0.9756807820793298
Recall,0.17567567567567569
F1 Score,0.29320984175898485
ROC AUC,0.3368
