Metric,Value
accuracy,0.16534181240063592
precision,0.9700007917340652
recall,0.16534181240063592
f1_score,0.2790722192414376
roc_auc,0.2695
