Metric,Value
Accuracy,0.16534181240063592
Precision,0.9700007917340652
Recall,0.16534181240063592
F1 Score,0.2790722192414376
ROC AUC,0.2695
