Metric,Value
Accuracy,0.17885532591414943
Precision,0.9717728447718101
Recall,0.17885532591414943
F1 Score,0.29873440170650206
ROC AUC,0.2763
