Metric,Value
accuracy,0.17885532591414943
precision,0.9717728447718101
recall,0.17885532591414943
f1_score,0.29873440170650206
roc_auc,0.2763
