Metric,Value
Accuracy,0.17170111287758347
Precision,0.9623158247959518
Recall,0.17170111287758344
F1 Score,0.2902740716949421
ROC AUC,0.1485
