Metric,Value
accuracy,0.17170111287758347
precision,0.9623158247959518
recall,0.17170111287758344
f1_score,0.2902740716949421
roc_auc,0.1485
