Metric,Value
Accuracy,0.8378378378378378
Precision,0.9919319098252282
Recall,0.8378378378378378
F1 Score,0.9058310445069331
ROC AUC,0.7942000000000001
