Metric,Value
Accuracy,0.8314785373608903
Precision,0.9919101669129894
Recall,0.8314785373608903
F1 Score,0.9020739468845411
ROC AUC,0.7909999999999999
