Metric,Value
Accuracy,0.8259141494435612
Precision,0.9918917231316162
Recall,0.8259141494435612
F1 Score,0.898738092971585
ROC AUC,0.7882000000000001
