Metric,Value
Accuracy,0.8418124006359301
Precision,0.9919449800918321
Recall,0.8418124006359301
F1 Score,0.9082173337077919
ROC AUC,0.7962000000000001
