Metric,Value
Accuracy,0.8521462639109698
Precision,0.9919807691644752
Recall,0.8521462639109698
F1 Score,0.9142948044638143
ROC AUC,0.8014
