Metric,Value
Accuracy,0.8604928457869634
Precision,0.9915403993504232
Recall,0.8604928457869634
F1 Score,0.919113121087925
ROC AUC,0.7745500000000001
