Metric,Value
Accuracy,0.8449920508744038
Precision,0.9919558731096841
Recall,0.8449920508744038
F1 Score,0.9100942673962295
ROC AUC,0.7978000000000001
