Metric,Value
Accuracy,0.8585055643879174
Precision,0.9920034309931534
Recall,0.8585055643879174
F1 Score,0.9180027675346443
ROC AUC,0.8046
