Metric,Value
Accuracy,0.8775834658187599
Precision,0.99113951227755
Recall,0.8775834658187599
F1 Score,0.9289686540403901
ROC AUC,0.7521
