Metric,Value
Accuracy,0.8608903020667726
Precision,0.9910627810213052
Recall,0.8608903020667726
F1 Score,0.9193867953804361
ROC AUC,0.7437000000000001
