Metric,Value
Accuracy,0.9356120826709062
Precision,0.9914868349357243
Recall,0.9356120826709062
F1 Score,0.9611498756435082
ROC AUC,0.7813
