Metric,Value
Accuracy,0.7829888712241654
Precision,0.9917526750548039
Recall,0.7829888712241654
F1 Score,0.8723199741241326
ROC AUC,0.7666000000000001
