Metric,Value
Accuracy,0.8871224165341812
Precision,0.9911856359474904
Recall,0.8871224165341812
F1 Score,0.9343733810974622
ROC AUC,0.7569
