Metric,Value
Accuracy,0.8591017488076311
Precision,0.9915831666858187
Recall,0.8591017488076311
F1 Score,0.9173604580148914
ROC AUC,0.7738499999999999
