Metric,Value
Accuracy,0.8306836248012719
Precision,0.9919075208052563
Recall,0.8306836248012719
F1 Score,0.9015986011944623
ROC AUC,0.7906
