Metric,Value
Accuracy,0.8402225755166932
Precision,0.9919395686014528
Recall,0.8402225755166932
F1 Score,0.9072765294148664
ROC AUC,0.7954
