Metric,Value
Accuracy,0.834658187599364
Precision,0.9919207931104634
Recall,0.834658187599364
F1 Score,0.9039713398393455
ROC AUC,0.7925999999999999
