Metric,Value
Accuracy,0.8366454689984102
Precision,0.9919275954879826
Recall,0.8366454689984102
F1 Score,0.9051436514010254
ROC AUC,0.7935999999999999
