Metric,Value
Accuracy,0.8282988871224165
Precision,0.991899605704434
Recall,0.8282988871224165
F1 Score,0.9001701586840906
ROC AUC,0.7894
