Metric,Value
Accuracy,0.8434022257551669
Precision,0.9919504145355799
Recall,0.8434022257551669
F1 Score,0.9091565776657993
ROC AUC,0.7969999999999999
