Metric,Value
Accuracy,0.8783783783783784
Precision,0.9939566896088636
Recall,0.8783783783783784
F1 Score,0.9294677200022815
ROC AUC,0.9388000000000001
