Metric,Value
Accuracy,0.8863275039745628
Precision,0.9921115306754711
Recall,0.8863275039745628
F1 Score,0.9339506436314385
ROC AUC,0.8186
