Metric,Value
Accuracy,0.8354531001589826
Precision,0.9928988382744978
Recall,0.8354531001589826
F1 Score,0.9044210566701916
ROC AUC,0.8551
