Metric,Value
Accuracy,0.84439586645469
Precision,0.9931961013293389
Recall,0.84439586645469
F1 Score,0.9091249534016486
ROC AUC,0.8751249999999999
