Metric,Value
Accuracy,0.7774244833068362
Precision,0.9938173467585232
Recall,0.7774244833068362
F1 Score,0.8686603933026827
ROC AUC,0.888
