Metric,Value
Accuracy,0.8688394276629571
Precision,0.9910988135075895
Recall,0.8688394276629571
F1 Score,0.9239696090865777
ROC AUC,0.7477
