Metric,Value
Accuracy,0.8537360890302066
Precision,0.9910319977725457
Recall,0.8537360890302066
F1 Score,0.9151494142789433
ROC AUC,0.7401000000000001
