Metric,Value
Accuracy,0.8322734499205088
Precision,0.9909374218448478
Recall,0.8322734499205088
F1 Score,0.9025741205672003
ROC AUC,0.7293000000000001
