Metric,Value
Accuracy,0.8434022257551669
Precision,0.9909856347677849
Recall,0.8434022257551669
F1 Score,0.909172157318242
ROC AUC,0.7349
