Metric,Value
Accuracy,0.870429252782194
Precision,0.9911061209699604
Recall,0.870429252782194
F1 Score,0.9248817701437534
ROC AUC,0.7485
