Metric,Value
Accuracy,0.8998410174880763
Precision,0.9921724314089773
Recall,0.8998410174880763
F1 Score,0.9415449319041281
ROC AUC,0.8254
