Metric,Value
Accuracy,0.8865262321144673
Precision,0.9918956500594887
Recall,0.8865262321144673
F1 Score,0.9338913707096947
ROC AUC,0.803175
