Metric,Value
Accuracy,0.8624801271860095
Precision,0.99201789585864
Recall,0.8624801271860095
F1 Score,0.9203080891475166
ROC AUC,0.8066
