Metric,Value
Accuracy,0.8640699523052464
Precision,0.9920237544744632
Recall,0.8640699523052464
F1 Score,0.921227630129012
ROC AUC,0.8074
