Metric,Value
Accuracy,0.9197138314785374
Precision,0.9913685184958742
Recall,0.9197138314785374
F1 Score,0.9524848316581227
ROC AUC,0.7733
