Metric,Value
Accuracy,0.8593004769475358
Precision,0.9901076661839702
Recall,0.8593004769475358
F1 Score,0.9184655016133553
ROC AUC,0.6808
