Metric,Value
Accuracy,0.8497615262321144
Precision,0.9919724060594888
Recall,0.8497615262321144
F1 Score,0.9128980732012454
ROC AUC,0.8002
