Metric,Value
Accuracy,0.8680445151033387
Precision,0.9920386000187038
Recall,0.8680445151033387
F1 Score,0.923520076750958
ROC AUC,0.8094
