Metric,Value
Accuracy,0.8612877583465819
Precision,0.9915393180702167
Recall,0.8612877583465819
F1 Score,0.9196009320791292
ROC AUC,0.77495
