Metric,Value
Accuracy,0.8529411764705882
Precision,0.9910274270135863
Recall,0.8529411764705882
F1 Score,0.9147666755695749
ROC AUC,0.7397
