Metric,Value
Accuracy,0.8612877583465819
Precision,0.9918310904463551
Recall,0.8612877583465819
F1 Score,0.9189008353737653
ROC AUC,0.790475
