Metric,Value
Accuracy,0.9324324324324325
Precision,0.9914605556408909
Recall,0.9324324324324325
F1 Score,0.9594239122707133
ROC AUC,0.7797
