Metric,Value
Accuracy,0.8648648648648649
Precision,0.9920267003229214
Recall,0.8648648648648649
F1 Score,0.9216868497074154
ROC AUC,0.8078000000000001
