Metric,Value
Accuracy,0.794912559618442
Precision,0.992809678808022
Recall,0.794912559618442
F1 Score,0.8797259039473573
ROC AUC,0.8347
