Metric,Value
Accuracy,0.8306836248012719
Precision,0.9928876215246841
Recall,0.8306836248012719
F1 Score,0.9015709244841192
ROC AUC,0.8527
