Metric,Value
Accuracy,0.8775834658187599
Precision,0.9930139638191712
Recall,0.8775834658187599
F1 Score,0.9289999990972032
ROC AUC,0.8763000000000001
