Metric,Value
Accuracy,0.8513513513513513
Precision,0.9929409856188653
Recall,0.8513513513513513
F1 Score,0.9137355829901643
ROC AUC,0.8631
