Metric,Value
Accuracy,0.8473767885532592
Precision,0.9929281263909454
Recall,0.8473767885532592
F1 Score,0.9114845671099239
ROC AUC,0.8610999999999999
