Metric,Value
Accuracy,0.8497615262321144
Precision,0.9929342307406609
Recall,0.8497615262321144
F1 Score,0.9128868412694111
ROC AUC,0.8623
