Metric,Value
Accuracy,0.8552662957074721
Precision,0.9919418214646264
Recall,0.8552662957074721
F1 Score,0.9157851363844121
ROC AUC,0.7983125
